Electronics,Home appliances ,Televisions
Electronics,Home appliances ,Audio equipment
Electronics,Home appliances ,Test and Measurement Equipment
Electronics,Home appliances ,Security and Surveillance
Electronics,Computers and Accessories,Robotics and Automation
Electronics,Computers and Accessories,Power Supplies
Electronics,Mobile Devices and Accessories,
Electronics,Cameras,
Electronics,Gaming consoles,
Fashion,Men's Fashion,Fragrances
Fashion,Men's Fashion,Clothing
Fashion,Men's Fashion,Footwear
Fashion,Men's Fashion,Accessories
Fashion,Men's Fashion,Bags and Luggage
Fashion,Men's Fashion,Athletic Gear
Fashion,Women's Fashion,Fragrances
Fashion,Women's Fashion,Towels and washcloths
Fashion,Women's Fashion,Towels and washcloths
Fashion,Women's Fashion,Towels and washcloths
Fashion,Women's Fashion,Towels and washcloths
"Health, Beauty & Perfumes",Personal Care and Hygiene,Towels and washcloths
"Health, Beauty & Perfumes",Personal Care and Hygiene,Towels and washcloths
"Health, Beauty & Perfumes",Personal Care and Hygiene,Towels and washcloths
"Health, Beauty & Perfumes",Personal Care and Hygiene,Skincare
"Health, Beauty & Perfumes",Personal Care and Hygiene,Hair Care
"Home, Kitchen",Pet Supplies,Pet food and bowls
"Home, Kitchen",Pet Supplies,Grooming tools and pet care products
"Home, Kitchen",Outdoor and Garden Supplies,
"Home, Kitchen",Bathroom Supplies,Towels and washcloths
"Home, Kitchen",Bathroom Supplies,Toiletries and personal care items
"Toys, Games & Baby",Toys,Infant Toys
"Toys, Games & Baby",Toys,Educational Toys
"Toys, Games & Baby",Toys,Action Figures and Playsets
"Toys, Games & Baby",Toys,Stuffed Animals and Plush Toys
"Toys, Games & Baby",Toys,Outdoor Toys
"Toys, Games & Baby",Games,Board Games and Tabletop Games
"Toys, Games & Baby",Games,Card Games
"Toys, Games & Baby",Games,Outdoor Games
"Toys, Games & Baby",Games,Puzzle Games
"Toys, Games & Baby",Games,Party Games
"Toys, Games & Baby",Games,Role-Playing Games (RPGs)
"Toys, Games & Baby",Kids Supplies,Feeding Supplies
"Toys, Games & Baby",Kids Supplies,Diapering Supplies
"Toys, Games & Baby",Kids Supplies,Clothing and Layette
"Toys, Games & Baby",Kids Supplies,Baby Gear
"Toys, Games & Baby",Kids Supplies,Baby Bathing Supplies